ticker,name
1332.T,日本水産
1605.T,INPEX
1721.T,コムシスHD
1801.T,大成建設
1802.T,大林組
1803.T,清水建設
1808.T,長谷工
1812.T,鹿島
1925.T,大和ハウス
1928.T,積水ハウス
1963.T,日揮HD
2002.T,日清製粉G
2269.T,明治HD
2282.T,日本ハム
2413.T,エムスリー
2432.T,ディー・エヌ・エー
2501.T,サッポロ
2502.T,アサヒ
2503.T,キリンHD
2768.T,双日
2801.T,キッコーマン
2802.T,味の素
2871.T,ニチレイ
2914.T,日本たばこ産業
3003.T,ヒューリック
3086.T,JフロントHD
3092.T,ZOZO
3099.T,三越伊勢丹
3101.T,東洋紡
3103.T,ユニチカ
3105.T,日清紡HD
3116.T,トヨタ紡織
3289.T,東急不動産HD
3382.T,セブン&アイ
3401.T,帝人
3402.T,東レ
3405.T,クラレ
3407.T,旭化成
3436.T,SUMCO
3659.T,ネクソン
3861.T,王子HD
3863.T,日本製紙
4004.T,レゾナック
4005.T,住友化学
4021.T,日産化学
4042.T,東ソー
4043.T,トクヤマ
4061.T,デンカ
4062.T,イビデン
4063.T,信越化学
4151.T,協和キリン
4183.T,三井化学
4188.T,三菱ケミカルHD
4272.T,日本化薬
4307.T,野村総合研究所
4324.T,電通グループ
4385.T,メルカリ
4452.T,花王
4502.T,武田薬品
4503.T,アステラス製薬
4506.T,住友ファーマ
4507.T,塩野義製薬
4519.T,中外製薬
4523.T,エーザイ
4528.T,小野薬品
4543.T,テルモ
4568.T,第一三共
4578.T,大塚HD
4631.T,DIC
4661.T,オリエンタルランド
4689.T,Zホールディングス
4704.T,トレンドマイクロ
4716.T,日本オラクル
4751.T,サイバーエージェント
4755.T,楽天グループ
4901.T,富士フイルム
4902.T,コニカミノルタ
4911.T,資生堂
5019.T,出光興産
5020.T,ENEOS
5101.T,横浜ゴム
5108.T,ブリヂストン
5201.T,AGC
5214.T,日本電気硝子
5233.T,太平洋セメント
5332.T,TOTO
5333.T,日本碍子
5401.T,日本製鉄
5406.T,神戸製鋼所
5411.T,JFE HD
5541.T,大平洋金属
5631.T,日本製鋼所
5703.T,日本軽金属HD
5706.T,三井金属鉱業
5707.T,東邦亜鉛
5711.T,三菱マテリアル
5713.T,住友金属鉱山
5714.T,DOWAホールディングス
5801.T,古河電気工業
5802.T,住友電気工業
5803.T,フジクラ
5901.T,東洋製罐
6098.T,リクルートHD
6103.T,オークマ
6113.T,アマダ
6141.T,DMG森精機
6146.T,ディスコ
6178.T,日本郵政
6273.T,SMC
6301.T,小松製作所
6302.T,住友重機械
6305.T,日立建機
6326.T,クボタ
6361.T,荏原製作所
6366.T,千代田化工建設
6367.T,ダイキン工業
6370.T,栗田工業
6471.T,日本精工
6472.T,NTN
6473.T,ジェイテクト
6479.T,ミネベアミツミ
6501.T,日立製作所
6502.T,東芝
6503.T,三菱電機
6504.T,富士電機
6506.T,安川電機
6526.T,ソシオネクスト
6586.T,マキタ
6594.T,日本電産
6645.T,オムロン
6674.T,GSユアサ
6701.T,NEC
6702.T,富士通
6723.T,ルネサスエレクトロニクス
6724.T,セイコーエプソン
6752.T,パナソニック
6753.T,シャープ
6754.T,アンリツ
6755.T,富士通ゼネラル
6758.T,ソニーグループ
6762.T,TDK
6770.T,アルプスアルパイン
6841.T,横河電機
6857.T,アドバンテスト
6861.T,キーエンス
6869.T,シスメックス
6902.T,デンソー
6920.T,レーザーテック
6952.T,カシオ計算機
6954.T,ファナック
6963.T,ロームHD
6971.T,京セラ
6976.T,太陽誘電
6981.T,村田製作所
6988.T,日東電工
7003.T,三井E&S
7004.T,日立造船
7011.T,三菱重工業
7012.T,川崎重工業
7013.T,IHI
7186.T,コンコルディア
7201.T,日産自動車
7202.T,いすゞ自動車
7203.T,トヨタ自動車
7205.T,日野自動車
7211.T,三菱自動車
7259.T,アイシン
7261.T,マツダ
7267.T,本田技研工業
7269.T,スズキ
7270.T,SUBARU
7272.T,ヤマハ発動機
7453.T,良品計画
7731.T,ニコン
7733.T,オリンパス
7735.T,SCREENホールディングス
7741.T,HOYA
7751.T,キヤノン
7752.T,リコー
7762.T,シチズン時計
7832.T,バンダイナムコHD
7911.T,凸版印刷
7912.T,大日本印刷
7951.T,ヤマハ
7974.T,任天堂
8001.T,伊藤忠商事
8002.T,丸紅
8015.T,豊田通商
8028.T,ファミリーマート
8031.T,三井物産
8035.T,東京エレクトロン
8053.T,住友商事
8058.T,三菱商事
8233.T,高島屋
8252.T,丸井グループ
8253.T,クレディセゾン
8267.T,イオン
8303.T,新生銀行
8304.T,あおぞら銀行
8306.T,三菱UFJ FG
8308.T,りそなHD
8309.T,三井住友トラストHD
8316.T,三井住友FG
8331.T,千葉銀行
8354.T,ふくおかFG
8355.T,静岡銀行
8377.T,ほくほくFG
8411.T,みずほFG
8473.T,SBIホールディングス
8591.T,オリックス
8601.T,大和証券グループ
8604.T,野村ホールディングス
8609.T,岡三証券グループ
8628.T,松井証券
8630.T,SOMPO HD
8697.T,日本取引所グループ
8725.T,MS&AD
8750.T,第一生命HD
8766.T,東京海上HD
8795.T,T&Dホールディングス
8801.T,三井不動産
8802.T,三菱地所
8830.T,住友不動産
8905.T,イオンモール
9001.T,東武鉄道
9005.T,東急
9006.T,京浜急行電鉄
9007.T,小田急電鉄
9008.T,京王電鉄
9009.T,京成電鉄
9020.T,JR東日本
9021.T,JR西日本
9022.T,JR東海
9064.T,ヤマトHD
9101.T,日本郵船
9104.T,商船三井
9107.T,川崎汽船
9201.T,日本航空
9202.T,ANA HD
9301.T,三菱倉庫
9432.T,日本電信電話
9433.T,KDDI
9434.T,ソフトバンク
9501.T,東京電力HD
9502.T,中部電力
9503.T,関西電力
9531.T,東京ガス
9532.T,大阪ガス
9602.T,東宝
9613.T,NTTデータ
9681.T,東京ドーム
9697.T,カプコン
9735.T,セコム
9766.T,コナミHD
9783.T,ベネッセHD
9984.T,ソフトバンクグループ
9983.T,ファーストリテイリング
